,A,B,C,D
2000-01-01,0.9357877057873716,-0.7502759888167707,-0.2335839070569667,-0.7805177030980488
2000-01-02,2.434350925545016,-0.6237946368416414,0.12393868872800007,-1.0096964662865093
2000-01-03,2.2644434742778428,-2.379171508598594,-0.13359884414346745,0.07367224003816619
2000-01-04,4.4415014063600005,-3.27740516194846,0.37885513506677815,0.9904600098085852
2000-01-05,4.263638470082126,-3.1856308280677554,0.657200225343855,-0.534688304506453
2000-01-06,4.138818859472919,-3.0274939045147944,0.9476200531525043,-2.2251537049016625
2000-01-07,3.241245650337694,-1.9097140491768572,1.4587239823683875,-2.419325793102808
2000-01-08,3.468504060132711,-1.2217171065917027,1.4131455593929854,-2.2027934907918043
2000-01-09,1.1203449995336645,-2.9344738543920954,2.192563006212644,-4.080058852713041
2000-01-10,2.1670976547921517,-4.067166982452655,3.127136596502682,-1.8304866512093674
2000-01-11,2.7747318201943676,-3.67400026638128,4.793876114309848,-2.9937461760846835
2000-01-12,0.4131045891314131,-4.0693607422480635,6.348647394974057,-2.765493259649592
2000-01-13,-1.0576748584225735,-4.472464039563685,6.0704318896930465,-2.034595769758999
2000-01-14,-1.04794955388901,-4.399801262171234,6.802426538922483,-3.3667551950802315
2000-01-15,-0.9627833604231819,-4.305048660705619,5.94032458363103,-3.3593955984036303
2000-01-16,-1.5779941339893107,-5.069125046639538,6.515424933460108,-2.5682716403822905
2000-01-17,-2.2179545595294887,-3.656589877591328,6.864491146451343,-2.2528224800671013
2000-01-18,-1.8463153509574028,-4.8607413588596025,7.956948701036658,-1.6260274192491702
2000-01-19,-2.485066242192936,-6.6927909363547435,7.021936180309293,-1.1517004023720623
2000-01-20,-3.3516386017451834,-7.184138374704969,7.654696206500244,-0.5086978936492846
2000-01-21,-3.160595175983821,-5.746254769819859,7.637139323755663,-2.3922099973449895
2000-01-22,-3.6717520236582333,-4.4085388617846615,5.638962298756866,-3.3676211829987217
2000-01-23,-4.930977253766591,-4.610993743298621,6.616166942972722,-4.487769767078114
2000-01-24,-5.417260377911029,-6.471921647183365,6.699191093811511,-5.210453403586824
2000-01-25,-4.668278807773985,-6.923056427763747,7.67000358988262,-5.912963015808437
2000-01-26,-5.266983692848268,-6.677354328335674,8.890208706944827,-5.934328285145839
2000-01-27,-3.375181795788355,-6.251410369518487,9.857183035042931,-5.561791364400582
2000-01-28,-1.7336306252510383,-4.644117987764647,8.900269971989598,-5.670334540251538
2000-01-29,-1.708053140736124,-5.479824963255922,9.097756683179593,-5.407821397534751
2000-01-30,-1.209700148888963,-5.985615263412261,9.617028094539847,-6.832895788187161
2000-01-31,0.8681036880709152,-8.759558910630414,8.891944688909318,-6.873934784313202
2000-02-01,1.7062355440906818,-9.720666577271366,8.791687176795074,-5.931370652888225
2000-02-02,-0.5553671556508415,-9.294902151986728,8.132481919164297,-6.375297125507544
2000-02-03,-1.9911864512829427,-8.986073670107965,8.116399657501924,-5.818926493360171
2000-02-04,-1.5690377244550775,-9.689646155286285,7.730166836186999,-6.796312059502541
2000-02-05,-0.3477825628567426,-10.067462841498832,7.771660279630958,-6.554400983649339
2000-02-06,-0.5035567019833452,-9.633106313963411,6.9934032326121125,-7.587711831265776
2000-02-07,-2.19198298579166,-10.681230303938921,6.566806466973402,-9.08028333552049
2000-02-08,-1.5818860592484723,-10.311311726023987,5.967175553680889,-11.724820487471906
2000-02-09,-1.4020629385061207,-10.408934680625665,6.69697609857681,-11.09564578972738
2000-02-10,0.5369084144748262,-10.691202714008911,7.756855666548271,-11.686849125604645
2000-02-11,0.7277883976751889,-11.838443331801782,7.405761345069211,-11.377522166872685
2000-02-12,0.7102027074262647,-13.159027699045675,6.607158222865692,-11.384999331943655
2000-02-13,-0.005917981571017972,-12.012995732655737,7.563254885195124,-12.654989838050057
2000-02-14,0.5382611952384885,-12.997231218226013,9.277527431426082,-12.488709928736007
2000-02-15,1.5421044583266252,-12.050943535299842,9.54551371425298,-11.599629396208936
2000-02-16,1.8746632007175832,-11.650049768625637,9.28004844278551,-11.291339474386557
2000-02-17,2.593316820442654,-11.037921175631661,9.092054841385961,-13.179668766663333
2000-02-18,3.094516688117156,-14.451049721874215,7.83247565160031,-12.066040816698484
2000-02-19,3.0699683621011378,-15.382056186925412,8.729775900031497,-10.734536193835982
2000-02-20,3.344998632397534,-15.369272212616844,8.99885391519819,-11.597339913696244
2000-02-21,2.326413466814646,-15.032822420986486,8.767990250437212,-10.319928635777515
2000-02-22,4.487214051952339,-14.219738039021873,10.185419699646214,-9.708563916034127
2000-02-23,5.561090160716105,-14.33470661371322,9.341607556250588,-11.731253955202494
2000-02-24,4.990052111218556,-15.208368943347276,9.239449336700863,-11.878668027197456
2000-02-25,4.216038914413908,-14.3971713944845,9.376287934047275,-12.432581456107958
2000-02-26,3.542881390472578,-14.564555996987881,8.920845546214268,-10.7270757462146
2000-02-27,5.323583389581012,-13.19630725967657,9.914818083962137,-9.499182156790232
2000-02-28,4.416225770537596,-15.088947951420144,9.99430475168366,-9.746670728407977
2000-02-29,4.959471029047213,-14.03973367889524,9.083177444894492,-10.014784248526588
2000-03-01,6.6679022898760465,-13.389832256982842,10.585820484588748,-9.77086905715342
2000-03-02,6.689071076831316,-12.690048965020644,11.45311522610239,-9.493115069870589
2000-03-03,7.1402134230359025,-12.451337097278367,11.12555889883839,-9.717994691217372
2000-03-04,5.356628613732337,-12.89170411966108,11.966903498580182,-9.879608825439535
2000-03-05,5.382720668511596,-12.341627786327532,11.393359102176902,-8.979593928285118
2000-03-06,3.236372303926887,-12.446995830097261,12.741300910071647,-9.641963777832443
2000-03-07,3.510032448117143,-14.803788528189415,12.85061831937743,-9.931641810166985
2000-03-08,3.263992818793502,-14.162214194967957,13.938229956863095,-8.311683081996156
2000-03-09,2.3013113300920125,-14.74106272193305,12.63178930128099,-7.4768111822900805
2000-03-10,0.5728236582350128,-14.90778646468101,13.064935655174214,-6.034635857518609
2000-03-11,0.023452192468713995,-16.70660229085443,13.083829518227802,-4.388613798658794
2000-03-12,0.5064658612384942,-17.06054784926806,14.950559993999095,-4.240537251700458
2000-03-13,-0.9271023728028889,-14.621488738419027,15.148321281402486,-4.554159228309014
2000-03-14,-1.948573124477756,-14.047366677709068,15.676706783400208,-2.547226431526513
2000-03-15,0.1633715080121021,-12.083631118793578,16.24042441360423,-3.218547724360896
2000-03-16,0.8953294339014034,-12.110963976684552,15.765786387648049,-1.864327909608534
2000-03-17,2.316358780068713,-10.57992810707682,16.55568592447611,-1.477808587364839
2000-03-18,2.3296298767124015,-11.24639685336145,15.34047373288798,-0.0066828753496339655
2000-03-19,4.052446020094899,-12.856829581295248,15.160986356265147,0.3776364775036255
2000-03-20,3.4579963177271975,-12.069221198277749,14.889939845868199,-1.033323996717844
2000-03-21,4.080033413875803,-12.041230841544948,15.074419334756454,-1.5386561808175538
2000-03-22,3.217140087655906,-11.549751873983366,15.982591505950039,-2.3544200301900347
2000-03-23,2.801483817666062,-9.886888763416245,15.223359105317066,-3.3569816501483016
2000-03-24,2.331540135902627,-9.054508295655776,14.684941846333004,-4.661714326231543
2000-03-25,0.9171762955001808,-9.937629331387665,16.614356852973863,-4.746555493058809
2000-03-26,1.6768625164512039,-10.047635379097756,17.80448249496705,-4.710055050654626
2000-03-27,1.2731696267944275,-8.585329788909325,16.281293874167954,-4.102894982343616
2000-03-28,0.29946173358473605,-7.412416024229169,15.996192121543016,-3.2825290591439567
2000-03-29,0.3911646093308789,-7.151762831525313,16.97871423555918,-2.4716324446757207
2000-03-30,2.813428814605368,-7.727283139769321,16.686329888291617,-4.901578094845777
2000-03-31,4.868644644225712,-7.699888190635623,16.928647748812054,-4.867099755483956
2000-04-01,6.400951521833124,-7.245967387471618,17.6503936080895,-6.305614419391555
2000-04-02,6.06940304251003,-6.799800806879817,17.354063090486214,-6.2362486496187275
2000-04-03,4.87436755503952,-7.0889468465757135,18.499191684548663,-6.632270891499138
2000-04-04,5.3787774720447095,-7.356893070251216,17.60433294954311,-7.5656581565782615
2000-04-05,4.087569180250652,-7.581455947624563,17.604940444730225,-5.354275725775528
2000-04-06,3.6409853885263335,-6.638916853792374,17.600834295501485,-7.140049597787669
2000-04-07,3.4976900917576654,-5.2763145941637415,17.391913768116495,-5.823589768278407
2000-04-08,2.9798034585372855,-6.491046837289832,15.98028755840535,-5.435739558060412
2000-04-09,3.853280748761041,-6.172146628242976,16.062660146699343,-5.484165870872515
2000-04-10,3.366999200878868,-7.082961483787974,17.521441271972826,-6.7178764936117465
2000-04-11,3.949820668143998,-4.374143224857302,18.370284705858676,-7.374438086115191
2000-04-12,4.353015308052399,-3.7589502139853925,18.718776920127365,-7.674390383152637
2000-04-13,3.944293077559046,-5.68240378888367,18.67046597869821,-6.79791413247659
2000-04-14,4.216546281476871,-5.927746456193701,18.252941017473614,-8.178143305284514
2000-04-15,4.1198142484341025,-5.759746885519555,17.868670005851016,-9.913165527553915
2000-04-16,2.915078649962006,-5.426540586718147,19.15578362220436,-10.503428189269531
2000-04-17,1.315102610593662,-5.4063841366407965,19.404853957012897,-11.054511232172086
2000-04-18,1.636957150808797,-3.2486091250962232,19.306905308838296,-9.73147397951664
2000-04-19,-0.02515435399542798,-3.87276260392891,19.60501643030461,-11.09455049852139
2000-04-20,1.4762862506718302,-5.015396299383617,17.850451815805446,-11.102919197053103
2000-04-21,-0.7861350902984252,-6.196160865489015,16.828110162783013,-10.120783720545498
2000-04-22,-1.0501376329783643,-4.813146508697595,17.839740808282805,-8.669215433810233
2000-04-23,-0.8904195226010471,-2.8633087674215862,18.61205228805515,-8.449046891802281
2000-04-24,-1.977232811681219,-2.5202172338627986,17.20671520774824,-9.717448744118691
2000-04-25,-1.5874551833149262,-1.9304795353933684,16.966579248559515,-9.231619469469042
2000-04-26,-1.9750377770874188,-2.1454876279922606,15.258865866314723,-9.76653462616159
2000-04-27,-1.5685763138849085,0.6720263465764593,15.542034165576641,-10.277708235349492
2000-04-28,-2.2819464938889613,1.0084957127169218,15.581658693020428,-9.078492142424185
2000-04-29,-3.529800764559325,1.7335913609101112,15.90609602293984,-7.174566913282391
2000-04-30,-4.4842116417074145,3.1022745802781193,14.764764416758169,-5.948063425921176
2000-05-01,-3.313051104605496,4.83486075318274,15.941377389769505,-6.782782062476207
2000-05-02,-3.883955159940267,4.083769521729339,15.811822197691953,-7.30804416631618
2000-05-03,-4.278954710455632,5.127027224595601,16.68551986435686,-8.085402905756382
2000-05-04,-5.379107460488607,4.401718977638906,17.578773659195388,-7.759354618825363
2000-05-05,-5.866820211977647,5.701200072743959,17.087649442213074,-9.973964805393333
2000-05-06,-6.110081364132981,4.390545063675893,16.704123126456256,-10.86214302993878
2000-05-07,-7.481141123548918,3.1193190106948885,15.440211126919644,-9.508979594206236
2000-05-08,-6.056792762305576,3.2790950768083342,15.835503685509444,-9.050805013310622
2000-05-09,-5.351332130087002,3.2989479314132635,15.742506192283036,-8.720547644814996
2000-05-10,-4.0827579331792805,3.6660367969889847,16.111081339213232,-8.428260594682095
2000-05-11,-3.465826798643709,3.9544193254031184,17.729767528273246,-7.067843265451739
2000-05-12,-2.7484387073864185,4.624274511806466,17.350477288689333,-8.198830429990222
2000-05-13,-2.380976958917607,5.191460401979537,15.760212247287196,-9.117616095174196
2000-05-14,-1.904177883366404,3.805305745223613,15.501833423345303,-9.165363613541325
2000-05-15,-1.7156815785088295,3.5599115687384275,16.181653353035223,-8.152655386557132
2000-05-16,-0.16443258668983085,1.2967829704269929,15.321202679853595,-7.818246574512616
2000-05-17,-0.1769990111747911,0.9128297643197356,15.036114067985057,-7.117375209557544
2000-05-18,-1.7379431158817558,0.2611044527032991,16.02542886192943,-7.677468664814053
2000-05-19,-2.3310381378582345,1.7866218728928829,17.606217769182123,-8.5347933245724
2000-05-20,-0.7289343073867671,2.3129205463828146,18.501242183471383,-8.3789567110011
2000-05-21,-1.3858809740441829,0.8036874555107381,17.324298958201226,-9.39913562063541
2000-05-22,-0.5075280161820368,0.7357956146208208,16.6897159708301,-9.37366596428862
2000-05-23,0.348729699916942,-0.7141653402431983,16.162489286029157,-10.766119771951562
2000-05-24,0.39273642899501743,0.33824263922219366,16.112105424906698,-8.84179007792531
2000-05-25,0.5946251713068165,1.9936050197114503,16.33978787671504,-9.155428035912262
2000-05-26,2.645244940697693,2.163651602490675,13.461696050054705,-8.11796221488348
2000-05-27,3.016678803958999,1.6987503037690688,13.310604512485972,-8.272976676303172
2000-05-28,0.5884605013229653,3.091616293092424,13.875078765690239,-7.130998563474366
2000-05-29,1.1262730052707608,3.480951074589224,13.669554238850369,-8.080007253612116
2000-05-30,1.276791495419778,3.3375273427919634,13.395399716703714,-6.885576768131462
2000-05-31,1.948910544380397,3.9967872882277393,13.847254062427345,-7.169668974835632
2000-06-01,1.625862540781952,4.080757290476223,13.276888585096012,-6.313538215313481
2000-06-02,3.1640501968640473,5.066563926773142,13.177922707040445,-6.026953688941544
2000-06-03,4.593669850793814,6.110382928090946,12.019823640504123,-5.270241368727376
2000-06-04,4.6367548508546275,6.037599810019455,10.375600097756049,-6.2755845948318285
2000-06-05,6.131085975820342,6.813348255862507,11.769943101982918,-6.6051892910941525
2000-06-06,5.808163833703801,6.123267211715263,11.210254319211488,-6.926910854384338
2000-06-07,3.684467631843685,6.572072043918798,9.680788935312913,-5.073068043679878
2000-06-08,4.628838911838903,6.38651542369881,8.510014224441273,-4.681189080238805
2000-06-09,4.99260402017246,5.890354893446291,8.555976344809743,-4.8890706043991
2000-06-10,5.362154157514363,5.693872457557345,6.699188215179228,-5.319517261491256
2000-06-11,5.833009114905572,5.523811178485509,6.825875002734008,-7.246099687393502
2000-06-12,5.801510487219838,6.775087613158992,7.357082181189928,-8.6763809154217
2000-06-13,5.235551419492922,6.454894871873874,7.596895320437795,-9.99459560594224
2000-06-14,6.259984971385492,6.031624615107107,8.532201547043973,-9.198132543579762
2000-06-15,5.918805814260761,4.869718701117074,8.562369066130167,-9.462473052294348
2000-06-16,5.3013410208105745,4.343553706596092,7.937850382393655,-7.763392966633516
2000-06-17,6.041609746785783,3.776188318870472,8.087723720349622,-9.512057930007376
2000-06-18,5.906377170421049,3.8597823285216046,8.898086644112139,-8.500844408121157
2000-06-19,4.751826899499773,4.7251193620069225,7.88783748814344,-9.070217604502771
2000-06-20,3.4966086041751128,4.927308546039984,9.34504432714581,-10.066963132951189
2000-06-21,3.7169489999257843,5.42333258213589,9.94871310415636,-10.456951810089492
2000-06-22,2.677366090048041,5.146675994807446,8.675790207004617,-10.44574259975047
2000-06-23,3.2679072212502773,5.90444303946059,7.19917071230223,-11.58824039025239
2000-06-24,3.2606676094435794,4.2105491169865745,7.311334231423604,-11.243870613906482
2000-06-25,4.302075835294406,3.6082230401901336,5.399009838944915,-10.515688253041002
2000-06-26,4.485182970878886,3.3030432762801416,4.170619998154331,-10.146101092110554
2000-06-27,6.356483975331128,1.9987463489990058,2.841856870919637,-11.2688858566582
2000-06-28,7.474811130006149,0.5606022414649221,3.7624362046388757,-10.48437591010704
2000-06-29,8.931857650410336,0.48580992163285674,3.190997741714265,-10.104318992996939
2000-06-30,7.864193556320158,-0.38446823535226293,3.509923543597309,-10.43788459680867
2000-07-01,9.436808235132453,1.1765996633431874,4.020287633284418,-11.099886627745674
2000-07-02,10.65604497530797,-1.2125671026983365,5.213978154751609,-11.064435211368378
2000-07-03,10.56995738572374,-1.9006504830205122,4.525844421140162,-11.062727053039081
2000-07-04,11.408674040482616,-1.785277427994172,6.1742224989422665,-11.369537878153933
2000-07-05,9.070220987563347,-1.0869719343062245,6.391068590978615,-10.76498796382461
2000-07-06,9.253847763779287,0.7523254950999605,7.429777115002218,-11.411295219593239
2000-07-07,9.900399815215112,0.5362435397925133,8.427067945336084,-11.717492637732212
2000-07-08,8.800074829577694,-0.817219436431403,8.68822856681859,-10.25820353971718
2000-07-09,9.634776607759374,0.45988204830999513,9.576446443020128,-11.159373665642033
2000-07-10,9.933510294333079,0.5286019028312958,9.01945877231877,-10.358139672214765
2000-07-11,8.790744610622603,0.6021069565286862,9.604856354668414,-10.961362098535272
2000-07-12,8.212762472881904,1.596480188037571,8.772553962905802,-10.81089367598831
2000-07-13,6.989276584997909,3.618106170707411,9.307261358781474,-9.608489386603015
2000-07-14,7.285775008146489,5.084891827384908,8.526759782441852,-10.383941313437674
2000-07-15,6.0390947011558795,3.7154156903337308,8.484162773825526,-9.751747102278962
2000-07-16,6.887934420490154,3.021676196735029,9.162653686789001,-9.263853002085453
2000-07-17,7.839431669459977,2.6136949196937334,9.51796913735783,-10.659232210807984
2000-07-18,7.429291914846817,3.13189506447024,10.473626155601115,-12.804554225463196
2000-07-19,8.5748307898183,3.014305532914749,10.241363954313753,-11.787529111570871
2000-07-20,8.528600522677436,1.545845680188757,10.791486802956426,-11.368577824120537
2000-07-21,8.006887161118966,2.797737340093488,12.328006732619988,-11.267424978342286
2000-07-22,7.253158051438097,3.9363680176218074,13.57787579202017,-12.326951596010431
2000-07-23,6.546354490448469,2.9390963229666007,14.05749627048751,-11.543625635891024
2000-07-24,6.603148479877315,3.125583805511223,13.755937850041436,-9.773871699051305
2000-07-25,6.929603965285299,3.4455940263834886,13.444587952675397,-10.574623654953198
2000-07-26,6.159641374440079,3.0991237962818268,11.649344502316154,-10.819415796518538
2000-07-27,5.0045679701593055,4.829463740750113,11.408748648073889,-9.676679101365764
2000-07-28,6.4158854910387895,6.071470057341328,12.431798876318728,-9.222640318210289
2000-07-29,6.233494639343329,6.007198678544016,13.312439919558027,-9.102517481390786
2000-07-30,5.425542570200076,5.046496651739097,12.243152814749498,-10.288677649892186
2000-07-31,5.7800336292139445,3.457598402685692,11.392483991130238,-11.376338154663927
2000-08-01,5.188838407589945,2.304893062334043,10.766347173513834,-10.184989727679875
2000-08-02,6.311363004953103,2.2625965388378635,9.134272453935708,-9.686179307727656
2000-08-03,6.5949075272262565,0.5665258011272418,9.52406105924399,-10.114245510362347
2000-08-04,7.570752525127088,2.038021523725149,11.618828971385884,-11.65884366954967
2000-08-05,6.40613980036148,1.7472921033133728,11.76164097430013,-11.209772859117901
2000-08-06,6.33393085801045,1.2367919861704517,11.865850995873995,-12.650137955492866
2000-08-07,4.035546950142201,0.6833076611007394,12.075487146173751,-11.622932179298338
2000-08-08,4.756829606409038,0.8707981038093626,12.116546737957412,-12.352352783463303
2000-08-09,5.476605889881156,2.463008712640961,12.807286800889647,-10.673561689197319
2000-08-10,4.18733994053923,1.4590195400460033,13.28279631498007,-11.306443697833563
2000-08-11,3.6780106904248466,1.810439209203508,13.135535327492338,-12.07876308978077
2000-08-12,2.0182253312534337,1.5596291915888703,13.559609281654897,-11.178177483951483
2000-08-13,2.9025218712330023,0.6006246778173208,13.584606754240372,-13.28635957004937
2000-08-14,2.106660704351401,-0.7704209208375017,12.290055175654926,-12.447621278813314
2000-08-15,0.08961340417788088,-1.2767212240333055,11.713726814103119,-9.984796163755625
2000-08-16,-2.4723897147107037,-1.9094621351949468,11.21782762846079,-9.749301263906581
2000-08-17,-1.9013617264164546,-0.7687732964747092,10.53852130453275,-8.919801712353765
2000-08-18,-2.080529695337953,-0.9056632252389474,11.286872679709152,-10.528472800292056
2000-08-19,-1.5143117153632444,0.27878512065105343,13.001903826297772,-9.577933318106648
2000-08-20,-1.147501355724142,2.4259951914762805,13.96497539240558,-10.078693452343213
2000-08-21,-1.0262964960420087,4.419941629178274,13.644306480165724,-10.086824843882997
2000-08-22,-2.006566917647844,3.5829962792640884,13.943975080849649,-10.12825387688365
2000-08-23,-2.4984705078977845,4.596287227513395,13.413313576207134,-9.73581440330194
2000-08-24,-1.4282574355388629,5.239467799227535,14.461990392549966,-8.663492504731392
2000-08-25,0.012167881380862555,5.0506096896103605,15.815495591323318,-8.695170107471943
2000-08-26,-0.21744026036268063,4.711085291428743,15.247400312782887,-8.172955248373748
2000-08-27,-0.4598919715558407,3.3708555036607004,14.571496648338671,-8.331805293465496
2000-08-28,-1.6793077867117205,4.788341583642717,15.054409150185226,-7.431697888858355
2000-08-29,-3.37917026931785,3.2335497614145194,15.620861403329412,-6.992611767301906
2000-08-30,-3.3220454357236315,4.111137043992006,15.665609023825766,-6.511169206639578
2000-08-31,-2.3949515425106798,2.607897435497107,15.061239451268346,-7.077803766285603
2000-09-01,-2.432822021757896,2.1035661078817176,14.856022551914144,-7.143807440591496
2000-09-02,-0.5989021569045139,3.342384743910012,14.370259134629151,-5.979810883514007
2000-09-03,-0.43184409323448003,2.904576398871572,14.807959981758545,-7.283342939815981
2000-09-04,-0.9893218966112397,2.963301823378668,13.262602089695587,-7.097429537544054
2000-09-05,-1.0024173081953007,3.681897346327729,13.503640516229016,-6.305503784019182
2000-09-06,-1.9903069200601224,3.0968752742660595,13.704107936814111,-6.392416053942777
2000-09-07,-3.192806849511596,2.328397081413297,15.211561228155718,-6.4498136714036685
2000-09-08,-3.2156581567970535,2.323728186006648,14.500946147498006,-6.268147972949123
2000-09-09,-3.2179081909717544,1.8599580352098783,14.523057825426115,-5.754530154045348
2000-09-10,-4.415923539977825,1.5002143460357202,14.924762313249117,-5.345991919576139
2000-09-11,-4.916255035306938,2.1977190142109753,14.84085382041447,-5.891996568612314
2000-09-12,-5.370552219418179,1.9575694028772395,13.11839164861891,-5.132956525907572
2000-09-13,-5.458631624288075,2.319504411015656,11.458636902266848,-2.83233336156146
2000-09-14,-5.441033012478377,0.33894257393677796,11.937708499780985,-2.8931628025435665
2000-09-15,-7.1256749743630845,0.1799481394896094,13.025419599330418,-3.331470253332462
2000-09-16,-7.46286652379739,-0.9415603278319156,13.709870059580195,-1.7490441786421658
2000-09-17,-7.386482446731593,-0.7204727028644643,13.760028021993206,-2.2097112773357757
2000-09-18,-8.53058547614053,-0.48202015376263674,12.420933923783377,-2.611284055563686
2000-09-19,-9.832341778872484,-0.9827569327823794,12.172186019026215,-2.8909484136992702
2000-09-20,-9.520983864108548,-1.4367529986445073,11.737832359280942,-1.8592275280640205
2000-09-21,-9.446371576409987,-1.4953169384072187,13.077732763309681,-2.6381817897951434
2000-09-22,-9.942881810394418,-0.0869524066880698,13.588670780696704,-2.4470785770151195
2000-09-23,-8.682969095104271,0.4458064507726466,14.142324054618163,-2.9163438738830636
2000-09-24,-8.425030575050732,1.2614251821102995,11.93956323485457,-1.8421268982925243
2000-09-25,-8.07946916523316,1.5349089269571121,13.097491051991407,-2.7115773482016152
2000-09-26,-8.46785852677181,1.9206652812401175,13.76270854584539,-1.184823400743174
2000-09-27,-9.367159976190196,1.8721661069992317,14.878107600400776,0.0007703001472165738
2000-09-28,-9.566121554063185,1.2261915693584555,13.92186253668288,-0.06971285770257103
2000-09-29,-8.889981662939087,1.2483187557815103,12.95734861090858,-0.29272517389627306
2000-09-30,-10.830471325005222,0.5625478698560846,12.473160944458911,0.5349163517015959
2000-10-01,-10.549924967440965,0.4031778230217087,11.488012006594252,2.8455099551455363
2000-10-02,-10.016626470738034,0.5077662777445343,13.264635552071322,2.724503142688639
2000-10-03,-8.590137302486315,-0.6786315007607565,13.183685749549543,3.118602744108918
2000-10-04,-8.509864388032877,-1.6258846270650351,12.670271173452223,4.615259579834744
2000-10-05,-8.181182109337016,-1.2077903217139545,12.857681380523434,4.435829895010629
2000-10-06,-8.247534629030133,-2.643054145064761,11.846825300349035,4.524759914392811
2000-10-07,-9.257039848256232,-2.2904844303439735,11.530881953804544,4.118236200407698
2000-10-08,-8.963187450102655,-2.701698125710641,11.25111716236015,3.5584849074208025
2000-10-09,-8.749096279736664,-2.3165757093682093,12.353480062473059,3.603076171619894
2000-10-10,-9.497601574858912,-4.237722545876812,13.39572685732389,4.592907977759975
2000-10-11,-9.564569390172094,-5.549808772574487,12.688222888552142,3.890721725179004
2000-10-12,-8.956627088084607,-5.867860163586746,12.188928694963943,3.9887507804579294
2000-10-13,-7.591593110588349,-6.279933897846946,10.464557967599934,4.892440485315765
2000-10-14,-7.141023365656096,-5.7891921844683285,11.474654694583915,5.121876911153095
2000-10-15,-7.192020834617462,-5.703262583430729,11.887491653565005,4.680758096276386
2000-10-16,-8.02122969708476,-4.984057774676393,11.005215407091587,5.7136449316297
2000-10-17,-8.415757165237746,-5.263893435496719,11.619794756144188,4.640585360111129
2000-10-18,-9.097811409262624,-5.156876773677352,10.737001799503894,3.0913927255661386
2000-10-19,-10.020950814515295,-4.636527551988594,11.683829234753738,2.560705406089072
2000-10-20,-11.703984429250838,-3.7856957752786524,11.21430801291831,3.002113979011269
2000-10-21,-10.735875819822349,-4.222063224453483,11.032594477389187,5.319878618336569
2000-10-22,-9.400738467271255,-2.4408883854264767,10.799700975064994,5.738444471527522
2000-10-23,-10.180433632232395,-2.8994328173575132,8.517096622777316,6.063150188987286
2000-10-24,-9.826706020804462,-4.37872094061004,8.994563250749145,6.778136044921087
2000-10-25,-9.466998131215579,-4.095778063731111,9.67884255982106,7.3629489403704165
2000-10-26,-9.455548666513861,-6.091295435350764,10.55466905102177,9.12371183469166
2000-10-27,-9.886566139205396,-5.162595260733666,10.648921233146329,8.453804229321868
2000-10-28,-10.36207880488845,-7.3673294987372255,11.390968553011993,8.69967217967297
2000-10-29,-11.962248571204226,-6.319988573285845,11.679465538243885,8.108484845398767
2000-10-30,-11.302241974081822,-6.034676085857292,12.997900157398641,10.201223307314464
2000-10-31,-11.639168796619245,-5.285114610702858,12.849998827961965,10.236501316540936
2000-11-01,-12.361189065496884,-6.717671813159897,12.545124069162611,10.96953325839752
2000-11-02,-10.723364541906268,-7.475441086282122,14.024460723601527,11.122415295985677
2000-11-03,-11.07797783441835,-6.677299567068866,13.977901746553286,10.694933876090905
2000-11-04,-10.361152678442597,-7.821292869198122,12.464214996037057,12.584785912230652
2000-11-05,-11.2655386143168,-7.9082920160383345,15.09488359761572,13.118796217163462
2000-11-06,-13.099329606997417,-8.549085381930428,14.220460081218016,12.389263787099923
2000-11-07,-15.210761010811368,-7.151139938021391,13.086210006165231,11.209452683437473
2000-11-08,-14.234779091926523,-8.03924865219745,11.71202692035673,10.955691957533277
2000-11-09,-14.471492573682436,-8.696423511906033,12.6167322796955,10.667672340065028
2000-11-10,-13.62622031906227,-9.394246128867934,12.528441361051662,10.484092768909512
2000-11-11,-13.972379141000157,-10.944397244148636,13.23000567635352,10.231084601428144
2000-11-12,-13.033507511656705,-10.941170540393099,13.842795367736384,10.649669842607029
2000-11-13,-13.092282127231282,-10.775799432855337,14.182585413715882,11.903653067043223
2000-11-14,-13.280975719670803,-11.610808549548812,15.558853965873435,13.303346435745212
2000-11-15,-14.44117714373294,-11.244711911108753,14.296306055994947,14.206378968143012
2000-11-16,-15.247250317899951,-12.546345552094925,12.475281093086803,13.82171583000362
2000-11-17,-17.353990912202487,-11.776146261392597,12.772613801062,13.954750824267887
2000-11-18,-17.2175924668984,-11.498585382339343,11.534873211372336,15.255853755818856
2000-11-19,-17.256294745476108,-11.772714826937577,10.622299840741988,15.150894371269425
2000-11-20,-15.51530114133457,-11.67671879980501,10.174585844430737,16.462369353634234
2000-11-21,-13.701626185511483,-11.704284603445629,10.392476182783946,16.695181074397265
2000-11-22,-12.107396511225438,-11.063090907992988,11.529997703953173,16.140246153935244
2000-11-23,-13.509869420364533,-11.10938124612222,13.09199967151922,16.10921490864255
2000-11-24,-11.819969810346695,-8.25111020175546,14.222737903792918,17.591625025852764
2000-11-25,-12.809481531941909,-10.399259903882445,12.67859825694606,16.1029731188514
2000-11-26,-13.571777583700687,-10.985465176017197,13.488621218980482,16.24938717954259
2000-11-27,-13.353874272750863,-13.125467329059097,12.044706160427504,18.077574843878732
2000-11-28,-13.422819084774257,-14.410861724564914,13.325551134103259,17.639039269922574
2000-11-29,-12.188510976173271,-15.531877146227247,12.150754163801919,17.786459487542743
2000-11-30,-12.065763974958724,-16.52437357845841,10.53176388742299,19.371842724406992
2000-12-01,-11.12610951583196,-16.088127357919774,10.518008663440366,20.475922365332092
2000-12-02,-11.8741488453404,-15.164345946870704,11.297778762312932,19.648078280856335
2000-12-03,-11.056435288682925,-16.760825274987344,11.140690681835203,18.962289288833492
2000-12-04,-10.551610699326405,-17.335462831786877,11.32435664516868,18.754415128717667
2000-12-05,-11.86121212011543,-16.325939099390432,12.235778432267944,19.073470481834732
2000-12-06,-12.762401035949575,-18.031246247917192,12.22893597788051,19.521166403365427
2000-12-07,-13.559083564992344,-18.7318435106587,12.728469635915866,19.40928094347246
2000-12-08,-13.891398286407512,-18.46258854260801,12.87590304808572,19.86184232780214
2000-12-09,-13.721582164421243,-18.40360159022558,12.610694418873447,19.48684047037691
2000-12-10,-12.97239136722575,-18.57638903694508,13.509761445819997,19.753495266415065
2000-12-11,-11.623122798737203,-19.465566147971632,13.987156895716586,17.156524924572146
2000-12-12,-11.430503564006267,-19.517852165279304,13.971317087210144,18.426686350270696
2000-12-13,-11.316232867139055,-19.024736835796983,15.885696267847802,17.59156883751807
2000-12-14,-10.56918565952425,-18.88951387806027,14.108278508845435,19.17008468611668
2000-12-15,-11.665608646867955,-18.916132854331,13.777672685543564,19.65204078107905
2000-12-16,-12.873232490695658,-17.915801080636356,14.495320317412213,19.52105273993986
2000-12-17,-14.095079816337728,-18.710011479260665,14.438365151772219,21.162745192499525
2000-12-18,-15.212899868655626,-18.493874838078572,15.61509031515029,19.884707941600187
2000-12-19,-13.295155842510976,-19.182301311325016,15.421558541492022,18.537971686353245
2000-12-20,-12.20011721389388,-20.22228968971581,16.909513893055532,18.354045726880205
2000-12-21,-13.671936966917642,-19.36046464292979,16.70726696348288,16.997548287105428
2000-12-22,-14.700072758165321,-18.581793327846093,18.09975810958193,16.10414922290863
2000-12-23,-14.804671556458532,-19.306592877990226,17.311815850717153,17.14310505066691
2000-12-24,-14.542917497595468,-20.008849310028875,17.794830971858165,15.421761875449537
2000-12-25,-12.786560341122204,-20.85502881876979,18.08908762100859,15.81146223841147
2000-12-26,-11.134906601450105,-21.409972750815765,18.464104199914043,14.495272145868487
2000-12-27,-11.139231355339678,-21.749889246207484,17.71036195662862,14.996538797244945
2000-12-28,-10.904231302125272,-20.741083798316186,16.71257171141396,16.254779114248255
2000-12-29,-10.810581973346219,-21.98362395506153,17.149415609635795,16.727467401740018
2000-12-30,-10.408551345129105,-20.663503663891646,13.874442397610075,16.911629277656857
2000-12-31,-11.605470472455117,-21.171671616931082,13.509473536354648,16.66160147344251
2001-01-01,-10.930611357245954,-22.402975116480413,10.49205417054748,16.028884422367657
2001-01-02,-11.982380463469523,-23.909737533418827,9.049276450200802,16.214799636561594
2001-01-03,-11.447436937939536,-23.90589496156649,8.978655662144812,17.70272112919364
2001-01-04,-11.786392457984835,-24.371571703675805,9.67832979103366,17.759265082429486
2001-01-05,-11.488548965178301,-25.793256064077248,10.731170839672476,17.90270113801591
2001-01-06,-9.441425894979327,-25.674420245460297,11.364349595231163,17.526594093112198
2001-01-07,-11.189296873232976,-26.573171922355385,12.456508995845759,16.989267536547143
2001-01-08,-11.622867944680614,-28.30688544767756,11.981027832305376,15.695045436933286
2001-01-09,-12.418220017733518,-27.739273423865615,11.855747968609322,16.118812183286295
2001-01-10,-13.08646386842284,-27.175543298321884,11.023333901009236,15.488676340946654
2001-01-11,-12.351463097109765,-27.933691493365775,11.12578277950192,15.790097982556142
2001-01-12,-13.082359519823001,-26.769557966070256,13.866096819388956,15.543782654025483
2001-01-13,-13.231230939809834,-25.69472831213863,15.066899767509954,14.258016354918935
2001-01-14,-13.452381657053968,-25.46522819389084,14.824885999281214,14.871237068591768
2001-01-15,-12.87135169119268,-24.50366949529095,16.65288977436685,14.714639242316727
2001-01-16,-14.03436912946832,-25.06693386177052,13.880654626749653,14.35575692115278
2001-01-17,-15.34200497095941,-23.27235734208864,13.45314277857051,13.978372423781842
2001-01-18,-15.633705406933142,-24.24087541410167,14.599345572223623,13.894681219750213
2001-01-19,-15.52037806314672,-24.637257221545564,13.607260932764344,12.732717481042348
2001-01-20,-14.565340249701554,-24.622097999145854,14.120628155370273,13.950931289287864
2001-01-21,-14.955666850782494,-24.01549649352833,13.97279928563198,16.477357441146893
2001-01-22,-13.521457020620215,-23.31960828724218,15.119841493753839,16.982945946943303
2001-01-23,-13.414548426024087,-26.110870562779635,15.103887994829737,17.825177636801538
2001-01-24,-13.866358557322965,-24.822077084205777,14.690360064210191,18.334402863499893
2001-01-25,-14.59514091640689,-25.834183564290065,14.11590249751298,19.078155225689525
2001-01-26,-13.334478071544707,-25.977081524589035,14.115265583531427,19.30374903116768
2001-01-27,-13.574838295713075,-23.67606927278298,14.558049192959459,19.126602053348687
2001-01-28,-13.109179946695955,-23.16290284109914,15.368855690605356,18.98651873623807
2001-01-29,-14.150478676913922,-22.526249424651628,15.69059324439842,19.97723914488348
2001-01-30,-14.767232619160614,-22.300308991783336,16.384169943169283,20.79678353382653
2001-01-31,-16.679522559063244,-23.341283822740788,16.20897881447951,21.82591322645955
2001-02-01,-17.70550872419413,-23.73114352491881,18.328349018461896,20.974286870310337
2001-02-02,-18.958856246784784,-23.598981278410296,16.939732922008343,21.306429489048703
2001-02-03,-20.057838992472906,-23.421774465116787,16.511095283877303,24.632832125023835
2001-02-04,-18.944330552996377,-23.710784120569503,16.23023261559524,24.488590702390418
2001-02-05,-20.121797812565386,-24.172167139869625,17.642780547493693,23.392689511359393
2001-02-06,-19.783216315428067,-23.188397731916353,17.422442366472296,24.698559076384754
2001-02-07,-20.5784999995327,-21.68951017700941,17.29919470516932,25.89603833418257
2001-02-08,-20.073758194626063,-21.431828893059006,17.225589482703622,25.791120154634807
2001-02-09,-20.979681626241128,-21.829295247844225,17.864803185766092,24.903507051421315
2001-02-10,-22.40760974721594,-21.592713823221494,17.925022623119126,24.266018951136047
2001-02-11,-22.08482621442802,-22.112380074490776,17.792270986461016,24.541895898552117
2001-02-12,-21.248092306013234,-21.37187531984152,18.923704349945073,23.440903998061405
2001-02-13,-20.969905715777674,-21.790066164520468,17.968499873470307,22.240763155864897
2001-02-14,-18.630624251666728,-20.382168537927328,17.833761792732474,23.632510668901123
2001-02-15,-20.391225412914004,-19.379321498276777,17.213387091015996,23.053427959059558
2001-02-16,-20.60426618950999,-20.31912445643021,14.950251231788194,24.80052194508798
2001-02-17,-20.240466805986202,-19.88175816226019,14.783721781221631,25.94125320425922
2001-02-18,-19.545894390246087,-19.150315871845578,13.249857308229341,25.457542184376216
2001-02-19,-20.147622060165133,-19.91245134574108,14.342451498960026,24.65131459536335
2001-02-20,-21.76982994300975,-21.07153575507734,15.976691240590355,25.130480716422557
2001-02-21,-21.64206182214541,-21.088979001617062,16.541425842336157,25.576636721876003
2001-02-22,-21.74361943808273,-19.89589555197098,15.238929105969754,25.27558429026626
2001-02-23,-21.915346887225652,-20.415962992167255,14.695812434262576,25.686244226750297
2001-02-24,-21.458529064669964,-19.97661498341649,13.835290342066628,26.344734200806414
2001-02-25,-22.72018222065167,-18.340225824024714,13.797620774311689,25.827369016856895
2001-02-26,-23.268126696195726,-18.052689847985096,13.589681726036625,27.807873064643115
2001-02-27,-23.849160857296106,-18.16745563797452,13.11082207087694,28.801100958832055
2001-02-28,-24.97281346309542,-18.11680193233688,12.890983556229122,29.279431011709192
2001-03-01,-25.70297478646252,-18.26940624506011,13.74220831193698,27.76750972133363
2001-03-02,-25.341125896333093,-18.33605684027501,13.353332018928352,29.69196441544772
2001-03-03,-26.39279280287518,-17.39321010901773,12.040423400155163,28.521819919985074
2001-03-04,-27.47624749540088,-16.85990554238696,11.869500897178417,27.741686150044583
2001-03-05,-26.945858470169057,-17.165257378752546,13.801247577718089,29.37172564354876
2001-03-06,-26.83872344441323,-17.059280840128395,12.740511341761524,29.33929511814543
2001-03-07,-26.604429478265263,-18.870063104779465,14.210813893504604,28.308137657212185
2001-03-08,-25.58059768026777,-18.57806254837379,14.153777204023692,28.37015712977818
2001-03-09,-23.598186879300112,-18.634249416097184,14.661233477937618,29.094646364096675
2001-03-10,-21.547049068325684,-17.876016290999097,14.890613650056286,27.428828015337487
2001-03-11,-22.585110655596395,-18.430320384393145,13.732603146860734,28.40260188404888
2001-03-12,-22.493450134370036,-17.759086795640084,14.755683788727499,26.84722868447154
2001-03-13,-23.512625286993277,-16.74864726788047,15.544105773083706,25.93910607525594
2001-03-14,-23.123057415937087,-18.22632623259376,16.582308527980224,27.13994036675868
2001-03-15,-24.54182655105739,-18.41507102805165,17.432834962636,27.476988678837557
2001-03-16,-23.52476703030766,-19.415386784219084,17.911921498918193,28.09240746276705
2001-03-17,-23.883683481749213,-19.619945489361665,17.77121530432318,28.905407142242016
2001-03-18,-23.376225093351216,-19.503770449319322,17.41702355234126,28.631576647214494
2001-03-19,-24.920196982121546,-21.038229640143513,18.748830476785695,30.0055197750086
2001-03-20,-24.55829733433122,-22.465148773092896,19.74830875959719,28.796094279959256
2001-03-21,-24.432988093605402,-21.682627862018713,20.509146235523563,29.73935372074835
2001-03-22,-24.644200548956213,-21.293148794695394,20.188496252050435,29.223403141899606
2001-03-23,-25.736036078136408,-19.50598740772153,18.533808474264475,28.379970247403065
2001-03-24,-26.170443781295834,-19.21747015939066,20.08069315938411,26.29818431813823
2001-03-25,-27.237687579975297,-19.447982416601146,21.65916639511278,25.769983787793475
2001-03-26,-29.794985472880562,-19.196517535915522,22.492473660122307,24.966825039951367
2001-03-27,-29.699821838576252,-19.008916045926554,23.320569617705093,25.59822701682856
2001-03-28,-29.04583499270024,-18.524916436460273,22.90813783358128,25.93510285820776
2001-03-29,-28.448519866132052,-16.67542970069731,20.73681842180339,26.826265842380327
2001-03-30,-26.826787754640748,-17.281914945132332,19.371696786725746,28.190791197920312
2001-03-31,-26.35024185907773,-17.340625593982306,16.862239198782316,29.48313252664035
2001-04-01,-26.288565806856482,-18.130731370747352,15.095304235011067,29.261367727329223
2001-04-02,-26.44648584529991,-17.038194462360675,15.899316168904786,27.85482420891769
2001-04-03,-26.842483608411982,-17.41631221131435,15.521487601138888,26.00018905139838
2001-04-04,-24.44544908645026,-18.63150470442601,15.839474228577986,25.963105344887193
2001-04-05,-25.0135232910403,-16.878947380165943,16.276034377499016,26.28937806821817
2001-04-06,-25.400531912654913,-16.630543970588544,16.723496390892826,25.615776297257092
2001-04-07,-25.795378925151546,-17.845087397454673,16.41652664925522,24.512895430953588
2001-04-08,-25.848017515314137,-17.908809580834053,14.460989368771997,23.330751106952196
2001-04-09,-25.39489507175447,-18.707460014622246,15.142022565368276,23.88996287508497
2001-04-10,-26.440698752906705,-17.36191597449645,16.16975598823205,24.313012546613248
2001-04-11,-26.263244561770737,-16.98229610799514,17.469484385102017,23.695148472211365
2001-04-12,-25.994545755277898,-15.867985008975486,18.026346176221587,25.06105327318892
2001-04-13,-26.253400103398246,-15.942974665303366,17.61616593093172,24.824643015182044
2001-04-14,-25.383648514647415,-15.522132392453555,18.790748034239904,23.45208887471793
2001-04-15,-26.05777476078197,-15.551428318067485,18.19861860807758,24.79047283727389
2001-04-16,-25.167248894093582,-15.750114682491741,18.11473508175727,24.215469260476457
2001-04-17,-24.412145620955425,-14.447762766982333,17.653355412461174,24.74032356746742
2001-04-18,-26.209020465693413,-14.526907208368044,18.56696747054204,24.510133013450986
2001-04-19,-29.03966955057407,-15.064587106492253,15.529877526062691,24.90899072058994
2001-04-20,-30.37485291537857,-15.432068731531766,14.52902029524051,24.378570909800963
2001-04-21,-30.371265466856812,-14.560784476218455,14.911750395557013,23.866619503069337
2001-04-22,-29.118147865267943,-14.348878321263959,16.05132924272305,22.768448099892233
2001-04-23,-28.695032135315536,-15.213617093825473,14.10232595369531,22.632275475518107
2001-04-24,-28.048859370294675,-15.077471968324883,13.62220026825432,22.350324538842493
2001-04-25,-28.20666623804669,-15.56842448263956,15.393937074587287,20.773586936767217
2001-04-26,-28.071455488772408,-15.547874466200842,17.901165908523467,21.87189530685993
2001-04-27,-27.976239506283502,-17.289285210185085,16.853015375827873,21.712230109940908
2001-04-28,-25.068687142872587,-17.576195335509603,17.69880047276467,21.628217520755427
2001-04-29,-23.849054320135558,-18.8577860782708,19.917827529883873,22.129100489295674
2001-04-30,-25.048850807687618,-18.95199195527349,19.200272331564292,21.654724947209374
2001-05-01,-23.981636639080495,-19.473627935153605,20.048694446463596,21.650811925544364
2001-05-02,-24.566488243909962,-17.4473309330332,19.109072304789215,21.1761796231388
2001-05-03,-22.58783771029718,-17.336189471013565,19.529663629782135,19.98736073327914
2001-05-04,-22.276074997006784,-17.363745774981044,18.363353790329214,21.244104519053558
2001-05-05,-22.426668127614988,-16.974213029888055,17.50783227892744,21.732175335598498
2001-05-06,-20.914028039230143,-18.052511682531627,17.581782717190954,24.12990124016649
2001-05-07,-19.996082361495528,-18.72795581513984,16.211890296866557,22.607161945357767
2001-05-08,-21.35807405807759,-17.783854210550068,15.359085953101262,22.051592181884672
2001-05-09,-21.7372424654019,-19.197633535060966,17.83161007427566,21.9016844036848
2001-05-10,-21.404763875822933,-19.987198044556138,17.126706970403767,22.21785725358519
2001-05-11,-21.798200348245135,-19.509404727356188,16.246257571373942,22.674168520779663
2001-05-12,-21.532829131436014,-19.054534240193412,16.362534930732135,23.88461363543123
2001-05-13,-20.07109729277626,-18.601287955628013,14.863659004815181,25.64945929137266
2001-05-14,-19.229466582258187,-18.026710447477797,13.136741904208431,24.92451456026669
2001-05-15,-19.435469772412656,-17.296896081269352,13.53464590217746,24.614263019033807
2001-05-16,-18.261211580608567,-15.962247942024527,12.949353124313443,23.53284215150413
2001-05-17,-19.142091282822015,-14.87560217468337,15.292340663548677,22.57326788436798
2001-05-18,-17.926049549106402,-14.013059438421857,14.70258513784472,23.04303059229446
2001-05-19,-18.22789484006314,-13.384519395368162,14.639202634480494,25.348463935445768
2001-05-20,-18.262855935872842,-12.864080841911825,15.245017265893223,25.570434003525094
2001-05-21,-19.106434606379484,-14.037125963553883,15.000440493940584,25.72968029164626
2001-05-22,-19.373648239866746,-15.011025594116315,16.07166668269077,27.443798720433204
2001-05-23,-20.74943480356036,-13.78578950260124,15.716254292259148,28.095429401331327
2001-05-24,-20.617025130411395,-11.658623464214582,16.24134292705988,30.23583987683119
2001-05-25,-19.901977271832425,-13.60446869760785,17.09835920827882,29.73964504354135
2001-05-26,-20.77745046558156,-13.57813168804613,17.431069079081524,29.60632544533346
2001-05-27,-19.865970232546236,-12.09609479493604,16.834192479117505,29.83492756033454
2001-05-28,-20.931735470281836,-12.64645590440797,16.495440957829974,28.658899544316565
2001-05-29,-19.473938591132402,-13.62198625629663,16.2582825032333,28.499556421488144
2001-05-30,-19.45617251976525,-13.288672684701783,15.156438546336705,29.09319551884152
2001-05-31,-18.917268240070356,-13.69380800809772,15.780074660660976,27.4659338377818
2001-06-01,-19.006567325878816,-14.120293014049368,15.058500835171138,27.4393590396997
2001-06-02,-17.038506452430106,-15.93976536649373,15.92654411978055,26.305044669318775
2001-06-03,-17.423831978194002,-15.214094853463044,14.84344292978491,27.194178776160438
2001-06-04,-16.206213781820676,-14.560149385551785,13.314039998135891,26.538000342437247
2001-06-05,-16.89425246306828,-14.99693332856467,13.237299171780483,28.18606880227521
2001-06-06,-17.249986175805624,-14.682009495050083,15.151709301219446,26.927530925348325
2001-06-07,-17.645030031107414,-13.278392356758038,14.131513534489489,27.474553694228412
2001-06-08,-16.41866038677681,-13.664478364285317,13.684112894383988,27.553927553146178
2001-06-09,-17.442922410825865,-14.823148286896771,14.182536381383438,28.910832560876013
2001-06-10,-18.673843968081478,-14.959975241836156,13.96293851009463,28.506637641922985
2001-06-11,-19.334627281730064,-15.209951276828416,12.52730393456522,28.54779623396458
2001-06-12,-19.45492874434199,-15.568381587511693,12.36266093570164,30.110585572901158
2001-06-13,-19.296205521852844,-15.55914464284168,12.226080079383198,30.235299568867227
2001-06-14,-20.68145007247816,-16.26235765348481,11.941676416955401,28.439934552767767
2001-06-15,-19.491106488544318,-17.392133195225593,11.2506016865558,29.70925363794827
2001-06-16,-17.827960579626364,-17.07571820334652,10.573841419493096,29.776698891477096
2001-06-17,-17.810318899254096,-16.097078851968714,10.551917012657793,28.1812817829979
2001-06-18,-17.87864620492786,-15.303249946772343,10.9307692164617,27.296575620074425
2001-06-19,-18.509029735315142,-15.361976290656346,10.726541324157646,28.788731921512376
2001-06-20,-18.929547780672845,-14.81833198768288,9.864751299870667,27.18965186429309
2001-06-21,-19.863457434800566,-13.71693286061726,10.413633858254078,28.344419768380185
2001-06-22,-19.88627146991687,-14.262942499078655,10.379695708017653,27.70240635465723
2001-06-23,-20.78023886782654,-16.516174113320268,11.359502970906618,27.592616031633142
2001-06-24,-18.755596574521167,-17.53597954029207,12.38297386484832,27.316748922655265
2001-06-25,-19.732659067509754,-18.28545726905176,13.845068388359602,27.96058435165383
2001-06-26,-20.469681629352365,-17.900719619934982,12.722293314284423,26.836262871374014
2001-06-27,-20.672265362897452,-17.421980414878952,13.281516466835868,26.406691672163333
2001-06-28,-20.2589438140126,-16.661617610560544,14.707817119129052,27.617530135855255
2001-06-29,-17.78848835340539,-17.11649088985823,14.48051957411629,27.255593286418343
2001-06-30,-16.388657993977475,-16.590255332417748,13.404343750572576,28.96612418729095
2001-07-01,-16.881043693163946,-17.426543088928515,13.849622719434532,28.559568468328397
2001-07-02,-17.008840594768944,-17.352851002938284,14.134761287293681,29.42722848443169
2001-07-03,-17.62954845015771,-19.00472376282312,13.5087275204181,30.167183104539834
2001-07-04,-16.800666960165124,-19.639323493994805,14.366067693085656,31.72962038096731
2001-07-05,-16.387763020346313,-17.44886031999333,14.64218768514664,31.860184184717887
2001-07-06,-15.795499204355231,-16.81303115918116,13.065191360233479,30.708496583126916
2001-07-07,-15.610314827190635,-17.94586834592987,13.040156696203177,29.595430711618853
2001-07-08,-14.94328987928104,-19.105454253162883,13.178921677466601,30.880111944168807
2001-07-09,-13.33613766164908,-19.48561909633029,14.147613205222559,31.41882401010011
2001-07-10,-13.418008783566655,-21.28674896013867,14.672405120807948,32.23474773719325
2001-07-11,-12.62189984903349,-23.420111867431633,14.816805527702595,31.422421960111695
2001-07-12,-11.05894453209162,-23.046191085059494,13.689932368149963,30.338251446462632
2001-07-13,-11.579118924073866,-22.84284776338217,13.378103937083475,30.411500627287403
2001-07-14,-13.036594070893333,-23.32177466697382,13.382782746421872,30.844700385320913
2001-07-15,-13.147966855228384,-23.96405751614975,13.158538590483932,29.568431696026174
2001-07-16,-13.860715848013944,-25.920657215726962,13.36824875190773,28.994374662251282
2001-07-17,-13.847907941160473,-26.803099958646893,10.654327721583083,29.615711347411132
2001-07-18,-12.835281086888418,-24.507362222723557,10.141903651085377,30.079253870495673
2001-07-19,-13.244064188442996,-24.565303683282213,10.131869516031676,29.579417714134248
2001-07-20,-13.068616797110867,-24.835810137006945,8.907482589047024,30.105279154102323
2001-07-21,-11.922695337330467,-25.89303088874615,8.275172139502278,32.04968194628632
2001-07-22,-12.830668569174131,-26.109644659102006,8.729642259727003,31.59312262569405
2001-07-23,-10.650456182421475,-25.16310801294646,7.885601145444765,32.32857039912061
2001-07-24,-11.674141773965697,-23.7037706703821,8.320143892067852,31.965222105925065
2001-07-25,-11.310510244703377,-24.91145211810437,8.003610346802672,32.13985900227619
2001-07-26,-12.063046205336258,-24.895475595551325,7.899687709395645,34.37659117480964
2001-07-27,-12.572618928890758,-24.301759087651693,7.059595712757351,32.54475444916647
2001-07-28,-12.102738109609621,-22.02705339535883,6.996323793328886,32.14280312647269
2001-07-29,-12.389338597343851,-21.467994046951137,7.406349628818401,32.81145039636944
2001-07-30,-11.999016248042965,-19.779134858522443,7.697159307899526,33.55124624951495
2001-07-31,-12.233132340637475,-19.6020722998677,8.989693700170191,33.426652329336896
2001-08-01,-11.334023631785104,-20.489871049604396,7.71214957937528,34.65389183761061
2001-08-02,-9.98480732065196,-21.844382320233755,5.146195694268293,35.05524116737595
2001-08-03,-10.25889173285202,-24.00694037544707,6.285412135006692,34.39443712055374
2001-08-04,-9.278400456209976,-24.23900360455173,7.5752207483925,35.00083907543369
2001-08-05,-8.902996096965373,-25.41128855494906,8.123034037012076,34.52558154379639
2001-08-06,-11.489027152403157,-24.475548565891646,7.284793200286062,36.19619165258572
2001-08-07,-11.236391344106769,-23.127948523046197,6.0212317198063845,34.79188487849255
2001-08-08,-10.922763944366743,-23.31532238171828,6.723565803180204,36.45156102972375
2001-08-09,-10.162033200335078,-24.78660729414518,7.613206041800582,36.93892546391339
2001-08-10,-7.9953487361090305,-24.1703403307613,7.329783431196127,37.830731263482775
2001-08-11,-7.54619453095318,-26.1842095632287,7.13561646931362,37.82535306970244
2001-08-12,-9.368613530216537,-26.485593892230398,7.004857854622614,38.35857010796735
2001-08-13,-9.035567372087673,-25.97808707393283,6.546688535229242,37.204499098786464
2001-08-14,-8.356799577480368,-26.918312579421826,6.282389522181557,37.45837505529442
2001-08-15,-8.398194314466682,-25.663169563395478,5.276207369907356,35.98292370636192
2001-08-16,-7.060573134275613,-23.778522130200383,5.045416368545935,34.710591571109724
2001-08-17,-8.037737075190904,-23.466459528269997,5.617509484594153,35.82421870611726
2001-08-18,-9.057336295406191,-22.101842745604756,5.032421857119196,36.172289484612826
2001-08-19,-9.96774947261619,-22.72307419849613,5.743038423645528,36.58854786280512
2001-08-20,-10.897210246926727,-22.79426169444069,7.393406871036655,36.21507907037158
2001-08-21,-11.629873561179606,-22.94486158768825,7.367661242435292,35.606541620993625
2001-08-22,-11.935904045543083,-22.887792155543796,7.825079173024464,34.90028873660578
2001-08-23,-13.881582336228245,-21.390145707982015,6.284295556155835,34.43499469089394
2001-08-24,-13.114554047284907,-20.612782043418342,6.74228243298106,34.22701880509946
2001-08-25,-13.541303795194166,-19.271135288181892,8.963224106301167,35.03036247698049
2001-08-26,-13.743058750214203,-19.018221452052632,9.361845903222177,34.67431934018329
2001-08-27,-13.995836659535817,-19.10822252567981,8.240355545810157,35.935401265280994
2001-08-28,-15.66290641620797,-19.537485904335515,9.137869474577107,35.32269078075926
2001-08-29,-15.329256770262964,-18.960179546556933,9.546461055991985,35.971023735174406
2001-08-30,-15.855784180201484,-17.73218938105691,8.390417176212612,34.85676439480066
2001-08-31,-17.707665378132514,-17.026629311443514,8.85807168696466,35.23274258646427
2001-09-01,-17.073199317186788,-17.290584500106203,10.009689444756805,36.45532025300171
2001-09-02,-16.935841930502637,-16.803991220765603,11.202961575141611,38.89732375376905
2001-09-03,-16.096398315142597,-16.49600432464035,10.039939540437015,38.29924255125813
2001-09-04,-16.82902333554023,-16.507654062344873,10.265105478323617,37.284002677542794
2001-09-05,-18.092784838971063,-18.853268423388517,10.64094227910551,38.45352491239816
2001-09-06,-18.121458168314376,-18.94044050660231,10.200526609846452,40.15488047663438
2001-09-07,-17.998149920790897,-17.703863293835145,9.910657375594427,39.356539459714156
2001-09-08,-17.118738952642524,-17.08416680513999,9.304547800264915,38.51315256009795
2001-09-09,-16.664630093233445,-16.8134126010981,9.85756226416125,39.69574122156991
2001-09-10,-17.184935733999357,-17.41979425421479,9.405733581444514,39.79689828731615
2001-09-11,-15.919240132476205,-18.160458978181257,10.232030544556428,39.74768847093117
2001-09-12,-15.871183519555261,-17.674349233096212,9.66874509881477,38.14451805990078
2001-09-13,-15.791070731954814,-17.212847057648972,10.294739390553769,37.618980657488784
2001-09-14,-14.596866488211047,-17.322142291715252,11.124886329639356,39.759011324327076
2001-09-15,-14.365151779718293,-18.057797021663397,10.655310332215935,40.9920812763497
2001-09-16,-13.266113414918896,-18.53881070434179,9.933729231030643,40.79004278652772
2001-09-17,-14.41229137890146,-18.240469440680805,11.044165825324328,41.59963635813064
2001-09-18,-14.28902647838706,-18.797842060019626,10.755608442663661,43.000393116121764
2001-09-19,-14.225420716528179,-19.724591316960208,10.425369921471086,42.06849777325962
2001-09-20,-13.46761832807048,-20.262407984385447,10.406552658444376,40.84840187287104
2001-09-21,-13.430463091183361,-19.651826802502033,9.619521664514991,39.89859894880019
2001-09-22,-13.792657077390906,-20.213382648727123,10.630494068029115,41.582816225150815
2001-09-23,-14.378915595937016,-20.555981208174224,11.183886078960867,42.12508415695602
2001-09-24,-14.386781248796419,-20.859369350504757,12.19616996050291,40.66887114383285
2001-09-25,-13.479042880438962,-20.443036994326814,11.924192823492529,41.113305524842
2001-09-26,-13.367877569441644,-20.6718536679812,10.655590640968018,41.87115218325248
2001-09-27,-12.329509618574622,-19.309165178829574,9.622924304176907,41.902461163221524
2001-09-28,-11.083629261834215,-20.140957182435677,10.605786131734384,41.23824790939791
2001-09-29,-11.460654181377155,-19.982596600904806,11.11952235038818,41.59420049947725
2001-09-30,-12.494450391834002,-21.24458371375501,9.871023072256769,41.929281594057386
2001-10-01,-12.489801218471692,-20.605629205835644,9.732845307321398,42.38919895698082
2001-10-02,-12.540640961589297,-20.400672133954654,10.352566107793214,41.093556622441874
2001-10-03,-13.323573100144547,-20.686145259021885,9.70782167006336,39.18134961121071
2001-10-04,-13.257012203138075,-21.083470234442053,11.707388790793194,39.43038387587397
2001-10-05,-12.637399043937148,-20.116398733332606,10.466949535120785,40.11337666328489
2001-10-06,-13.107226893950067,-20.84975805492085,10.873345072611599,41.027002491189755
2001-10-07,-12.52708653234971,-20.986934706435076,11.63114968717516,41.78715809374935
2001-10-08,-10.49383622094025,-21.914299130236554,9.894140460362664,41.00557582302287
2001-10-09,-11.601933938917266,-23.00999992762488,11.888585173368043,41.64832823312083
2001-10-10,-11.65147811624031,-21.485278980325088,12.286688124328903,41.87201196954678
2001-10-11,-10.821127332104512,-21.382455946523997,11.01690410056755,41.36798833610438
2001-10-12,-10.089973390248149,-21.467560761631955,12.530090102415567,40.632291238390884
2001-10-13,-8.926367410522877,-21.21174770851614,12.210280100655961,39.84057544365107
2001-10-14,-10.079641074124677,-23.68631456008323,12.20123062278915,40.98625921604643
2001-10-15,-8.989075560473372,-25.36514732083315,11.692554544690216,39.676596647252715
2001-10-16,-7.98877778478004,-27.12237232359339,12.205357318512114,39.94007380298945
2001-10-17,-7.519894826920773,-28.623967703248642,13.061492708070853,42.79296021823589
2001-10-18,-6.931351206905436,-29.39680355352028,13.992240345524824,42.82589998960375
2001-10-19,-6.9612678992209345,-30.11399677052413,14.182237736029657,42.31231808000574
2001-10-20,-6.220161582151652,-28.483017192892508,14.677423479742407,42.39614395074291
2001-10-21,-6.065995571707272,-29.32019371349084,14.895119670963766,43.31237541480488
2001-10-22,-7.020624531168284,-29.15692500605068,14.364010310996909,40.99588694264295
2001-10-23,-6.350806213512652,-29.9887324630739,12.981856070448984,40.13627085962322
2001-10-24,-6.106064239154937,-29.15459414277253,13.529348204761275,39.764960033972564
2001-10-25,-6.476433812630878,-29.009191910528546,13.950027849925117,38.835581952465965
2001-10-26,-8.142463245782992,-28.237107693443196,13.897596619662009,38.856725300750796
2001-10-27,-6.601158172820885,-29.35645223907484,13.523600899366109,40.30182222711496
2001-10-28,-7.8212032634333575,-29.260879110829578,13.360600735597142,40.535637886918444
2001-10-29,-7.697072388057382,-29.360410691907383,14.972074025548629,40.090673080502654
2001-10-30,-9.358581556318798,-29.376768082050987,16.002476533283406,41.70589354110015
2001-10-31,-10.443288095627986,-28.528704758248722,14.490186070601561,41.94994199212903
2001-11-01,-10.694017120516376,-28.18089137031007,15.331877974323886,41.3572999058305
2001-11-02,-9.938729022654785,-30.039429511789344,15.075343405925967,42.4163505326918
2001-11-03,-10.434994758769042,-30.63703074677985,16.78586550550191,44.624721773010904
2001-11-04,-10.619662343605963,-29.11808707304842,15.655889594737145,43.99402954220444
2001-11-05,-10.584282019439385,-28.422354839513225,16.358354661068542,43.22007668720663
2001-11-06,-11.989273574969426,-30.25954943701198,14.94281645163863,44.15930471794412
2001-11-07,-11.88987155465357,-29.295103534492615,15.525894983964792,43.57305025958044
2001-11-08,-11.524690023056978,-29.255167955886655,15.940279095296413,43.541758052814565
2001-11-09,-11.777312668275204,-29.28942589903208,14.769758964189618,43.218203419141915
2001-11-10,-11.849012691041336,-28.40169372776299,16.65019728296013,44.09174758009219
2001-11-11,-12.6267789023564,-28.369360746412074,17.341694713557533,45.10378760224424
2001-11-12,-12.172034269540573,-26.260766160231427,16.987978615247684,45.227430420231336
2001-11-13,-11.215238899686636,-26.098288918168205,17.912702090583636,44.68196667036015
2001-11-14,-10.18364611934888,-27.627553612598604,16.055210643637032,43.99302727040815
2001-11-15,-9.086031084344459,-28.211430054508696,15.327514452985024,43.96715323282562
2001-11-16,-7.721194152057563,-27.949116609596583,16.299657328905976,44.08790174165096
2001-11-17,-8.138105447192327,-27.802047319172726,15.260107854645293,43.31179048762507
2001-11-18,-9.316255364095497,-26.68516753054376,15.94128409991214,42.09864060679297
2001-11-19,-10.195411683571999,-27.64317540208195,17.069490144093237,40.49002319008393
2001-11-20,-6.998015079475753,-27.816410068061064,16.571334220457196,40.560818217712395
2001-11-21,-6.58207323213771,-28.89315603414795,17.0534318019076,40.07143154638299
2001-11-22,-6.573245907411334,-28.655451639973123,16.33954841943437,41.18225882473264
2001-11-23,-5.415816612185119,-28.12855499927952,17.43082938583069,40.167601074033456
2001-11-24,-4.467135027161865,-28.469392859039452,18.255650191928776,40.02316394883285
2001-11-25,-4.834222383847231,-29.03186965008713,18.213973734069032,40.395831622842465
2001-11-26,-5.996184848034481,-31.43750425446266,17.39203720169397,40.51682515603565
2001-11-27,-5.810284105989275,-32.786081641307845,18.172505684086897,40.19670297959375
2001-11-28,-6.515514073524309,-34.58712692439043,18.545597425434476,39.40856743809799
2001-11-29,-6.445898902060435,-34.57546135479595,16.178028366134775,40.155398428931434
2001-11-30,-5.725896825676318,-33.64884902668393,15.299448099534304,40.53283783936169
2001-12-01,-6.294673833383328,-32.492869750335345,17.344529996250312,41.38072606891062
2001-12-02,-5.916270051414093,-32.62122488079356,17.2373935740573,40.22827419764239
2001-12-03,-5.240820242445678,-33.16925093191458,18.02966391722365,40.7581697146669
2001-12-04,-7.31600436288989,-33.701806543683254,18.007628711367996,40.62161997063052
2001-12-05,-6.353966528196903,-33.729007246067596,16.38008430402567,39.40844537958346
2001-12-06,-6.630760999195244,-33.58084752807753,17.102607383010334,39.86890382542771
2001-12-07,-5.655476342817985,-32.718923708538604,15.12794804017569,39.72058457457441
2001-12-08,-3.0965217828016507,-32.12333336515573,15.724932639222954,38.878610152239624
2001-12-09,-3.5817044813537984,-31.379584356011243,18.25009747622851,38.96339015800093
2001-12-10,-4.617613726133969,-30.765016126911636,17.49923516827041,37.10229745838966
2001-12-11,-5.847355754064224,-27.86123863199369,18.012016265862083,37.30894798277099
2001-12-12,-7.722429851099092,-27.53157906366885,16.402652529872952,38.35746687089898
2001-12-13,-7.03311220093813,-26.918324050927886,14.525486084052037,38.22098383061004
2001-12-14,-5.997406188984188,-28.531386972375394,14.119274925442191,37.49834324133611
2001-12-15,-5.615684470986885,-28.971243110600394,14.321298304047069,37.421823711912566
2001-12-16,-5.5161108300615345,-28.029247321915175,13.809140414936236,36.16215441613058
2001-12-17,-5.851930295974223,-28.1638485314683,13.495460597074311,37.082495806199404
2001-12-18,-7.293716744559878,-29.751440850029645,14.210278511659215,36.83353090099069
2001-12-19,-6.702772610923616,-30.175757340183985,15.12652152712788,36.63741684488497
2001-12-20,-6.468669137799763,-30.15265341696458,14.138025118357126,35.44178155135464
2001-12-21,-7.53879748243192,-29.162197709143328,13.2224296619476,34.34134679369491
2001-12-22,-6.326983042499553,-28.727926331979567,12.404077343512592,33.70973530925176
2001-12-23,-5.450953006531296,-26.694408299832958,12.929133280278444,33.08454354031196
2001-12-24,-6.967450148914249,-26.247800996023994,10.905146206116243,31.19601183863092
2001-12-25,-5.772715261940101,-25.246189097917306,12.726395047465738,30.207109264090533
2001-12-26,-5.338477926005424,-23.78089287333306,12.614725251567343,29.527507641157403
2001-12-27,-5.75298184507693,-26.491970358163798,13.063762464220176,28.36986941794684
2001-12-28,-5.537006066750383,-28.256130891759813,12.531430402736838,29.530576541695265
2001-12-29,-5.487574796595537,-29.92859924067436,12.65180196392171,29.34563888478865
2001-12-30,-4.206544548932217,-29.28364022227537,12.452747840783184,30.000786185780267
2001-12-31,-3.3749593952033297,-28.053056862159384,12.73515780381551,31.088624658884985
2002-01-01,-3.388288499013134,-26.517019106169528,12.639438185932402,31.872958107668694
2002-01-02,-4.336399240676764,-27.485339963461843,13.307293470328158,30.495166341174528
2002-01-03,-6.699678211876616,-28.149046269947466,13.05796994368501,30.472269441417964
2002-01-04,-7.543875752374381,-30.236904865034877,12.639867969572093,29.17382067938956
2002-01-05,-8.498250106683937,-30.97785285801813,14.325254372574301,29.612502083168742
2002-01-06,-8.92788522144154,-32.631519738614536,13.432786306633352,26.201803199562566
2002-01-07,-9.869386877681015,-32.801834609755296,14.731543548064913,26.68249652285543
2002-01-08,-10.231597254076718,-32.81024276591685,14.711955059417136,26.434948550159675
2002-01-09,-12.438127434626669,-32.30358054481778,13.902969270359497,27.032989856074472
2002-01-10,-13.170607248970667,-32.78284415428589,15.7934528837081,25.315099147737985
2002-01-11,-12.979631255747451,-31.90515413577328,14.491755627260591,24.587354440982615
2002-01-12,-12.62344266355871,-32.34380808476439,15.23601951437059,23.33530474425086
2002-01-13,-14.180681502081931,-33.45848778946529,15.772103557222424,22.141253765702615
2002-01-14,-15.8036281781714,-34.10930878111931,15.598984433078583,22.46946669430999
2002-01-15,-15.693578683674048,-33.27489084382677,16.126895267768973,22.612891404500324
2002-01-16,-15.634089521974028,-32.41725764849674,15.817572572642781,21.513175935945693
2002-01-17,-15.306161883860055,-31.67482091599577,14.748665326896372,20.52646540207889
2002-01-18,-14.53604370669178,-33.34669880551879,15.052328102918803,21.02720102077021
2002-01-19,-13.823602063189949,-34.6172543652125,14.41598414871259,22.104365125003994
2002-01-20,-13.347600037743682,-34.55094450858645,14.257610820049498,21.9941017112503
2002-01-21,-14.428608292722851,-34.8483447414622,14.234414379132984,21.04019345212101
2002-01-22,-16.843824647533975,-35.46731152676076,15.232557474146759,21.291114748246777
2002-01-23,-16.085684637267565,-35.58440584672599,15.456274144296804,20.58468642131875
2002-01-24,-16.143065302807727,-34.588521455526255,16.669018009172223,19.50310576323869
2002-01-25,-17.097487347629375,-33.447828690723284,18.709873158565713,19.45643465927245
2002-01-26,-18.653563058940854,-34.471433954654,19.37166665175623,19.663921339913298
2002-01-27,-18.517647940063867,-34.52903713339181,18.904521778072613,18.552361630995005
2002-01-28,-18.100735609940465,-32.36310832911915,19.408853514423615,16.653215921968812
2002-01-29,-18.800809968252274,-31.72610741633592,20.918752409278348,15.778627105813339
2002-01-30,-18.090040931965444,-32.22554893256525,21.092422139770267,16.336074099490588
2002-01-31,-17.4684363921637,-30.14180449672341,20.832081226678707,17.42484092569693
2002-02-01,-16.82107184929805,-30.508425223983284,20.18104897476494,16.817642428199417
2002-02-02,-16.27141590195773,-29.394679305029822,20.95073439489804,16.1440397006159
2002-02-03,-16.271795539948005,-28.820284522953916,21.536314383865736,15.511370625347071
2002-02-04,-16.167410158911352,-29.91304904438293,21.328764157800464,14.522036568375857
2002-02-05,-16.71695520904887,-29.53519432515352,22.991895622026288,15.558591036012968
2002-02-06,-17.841947743193412,-30.375646973685303,22.599539787834125,15.640558989305088
2002-02-07,-16.113972617342164,-27.7098675822228,21.885970903444523,15.575684461456486
2002-02-08,-15.847864795261849,-28.205889069628007,20.33568781922084,16.181471808144213
2002-02-09,-17.78150395502756,-27.030455494741066,22.35651154425032,18.845966572599735
2002-02-10,-17.364854075867182,-28.81511788845416,22.809848410469453,16.911365686172672
2002-02-11,-19.060437773323997,-28.49477524834128,23.242595057052327,15.777178829850799
2002-02-12,-18.025778983152893,-28.493975259349583,23.736062858618496,18.23763636517937
2002-02-13,-16.549032069372036,-28.16103234715444,25.444166354681226,18.625351852400446
2002-02-14,-17.57651026283143,-28.59573396169385,26.016769794870903,17.784732981906078
2002-02-15,-17.784110991338697,-28.450075470024245,27.570266266156263,17.26452187785373
2002-02-16,-19.31147240876082,-28.35176906602989,28.17283725589916,17.7365457817507
2002-02-17,-19.627130275283374,-29.164515122544174,27.996963694809423,17.066723898917267
2002-02-18,-18.971155399920562,-29.162183746919254,29.24346063766974,18.93825572453383
2002-02-19,-20.10570784384723,-29.269519972984643,29.56076296036897,21.429289873861876
2002-02-20,-19.778552424594853,-29.476441092186064,29.522765439123816,20.52251969745563
2002-02-21,-19.94529488246559,-29.806931236941423,30.26070337707863,20.2480301580624
2002-02-22,-21.03659343185311,-29.355194612594314,32.077971721950696,19.296007206225
2002-02-23,-19.529195198443606,-29.393311472671446,33.62417896024015,20.266790526560623
2002-02-24,-19.147629172967605,-29.108578240997456,33.70279790662777,19.238402207364377
2002-02-25,-20.44162291166874,-28.16788336888075,33.65707121289018,18.45227351383036
2002-02-26,-19.24481565180215,-28.886929832930385,35.22860096810365,18.298481069803103
2002-02-27,-17.442697142757005,-29.018144254686273,34.57550854028269,18.409579258112835
2002-02-28,-16.791835775097205,-29.549943121906153,35.04427634595471,18.06368839974437
2002-03-01,-14.91432747235793,-29.16244414592578,35.906327750805985,16.714461951746422
2002-03-02,-15.086674390435492,-28.345230070592205,35.446217086153695,15.154695264906199
2002-03-03,-14.12149355405882,-27.033859406326286,36.758119845953466,15.560964068148113
2002-03-04,-15.834713906952189,-28.91915888160606,36.26490855500177,16.007168889012334
2002-03-05,-15.978421709166524,-29.59659881335268,35.57738866803128,16.15599194399902
2002-03-06,-14.83870029169639,-28.285593755699114,34.7328506315928,15.254397872757966
2002-03-07,-14.242265532663875,-28.807063734334246,34.9530492675235,16.729369101879943
2002-03-08,-14.67666389881035,-27.960560193913093,34.22876440856122,16.64143269492749
2002-03-09,-13.956392849129136,-26.97184699618801,35.25919797389828,18.37842280922205
2002-03-10,-15.049773800747078,-28.252354465457078,34.04680208115676,17.986126319440185
2002-03-11,-16.133290057539494,-29.766263710955567,34.89936473178001,18.287821722850104
2002-03-12,-14.468107346019996,-26.804516556196987,36.0972366026223,18.12388163874822
2002-03-13,-15.329695641842246,-27.306123108663805,35.23991883394789,19.81840556282112
2002-03-14,-15.263245573321965,-27.30403564459985,35.66141734734286,19.98990929676369
2002-03-15,-15.455933485256141,-27.595388197435145,34.554752281547366,19.852771922686816
2002-03-16,-17.33825886980951,-26.380319356967686,32.11516008088238,19.11839398459461
2002-03-17,-18.281726172009257,-26.997122535947867,33.3270041921315,18.347655477033314
2002-03-18,-17.923873221660507,-25.363704645347458,32.34215698019846,19.517668814057526
2002-03-19,-17.220081140070338,-25.115263673265474,31.795958657089418,19.296186851676875
2002-03-20,-19.114606622855803,-24.086630712737385,31.663104644421146,20.315622376425164
2002-03-21,-20.42354733695263,-24.116202004322844,32.25354148828579,21.634325278113717
2002-03-22,-20.134694633956872,-22.989130567669932,32.624766333790774,20.694750002493212
2002-03-23,-19.497844388479383,-21.269622796689845,33.08839746883758,19.599262260018577
2002-03-24,-20.83924323916314,-22.073305429649448,33.63353271909767,18.77657800757246
2002-03-25,-21.741126449171194,-22.314635751186895,35.09590208513849,19.321116209172693
2002-03-26,-22.52106362323716,-22.69546608109882,36.18682706776816,20.025427426222834
2002-03-27,-21.157524843686705,-22.476308892263837,37.133971144155275,19.550828662013778
2002-03-28,-24.095587866670652,-23.203752018990002,37.278771072655914,20.08852449674887
2002-03-29,-24.416848684041952,-24.60900852861102,35.680150898481116,20.100784540526877
2002-03-30,-24.4691867422174,-24.44464564669376,34.104221644909224,19.247976521800904
2002-03-31,-24.89377570998284,-23.623567654380192,34.158393237438794,19.51233542266839
2002-04-01,-25.723049068295285,-24.58759922313529,33.78714323895284,17.869989549999794
2002-04-02,-24.29558964548326,-24.518911903885083,33.26439101606612,17.068118813898984
2002-04-03,-24.781503045556846,-22.551728554935316,32.19162633769942,18.56846251919514
2002-04-04,-24.744298109511707,-21.66947001817539,31.930999682696445,18.93505585762309
2002-04-05,-25.86933169356113,-22.24327072373135,32.176649647556786,18.947730400304053
2002-04-06,-25.896632111507277,-23.157328279016888,31.344742819266973,21.13686196304167
2002-04-07,-26.062723404602263,-23.485799577927704,32.78677091999849,22.75957870675976
2002-04-08,-27.655195348223288,-23.191802541665986,33.130218325562495,23.227208329684593
2002-04-09,-27.319634922113764,-22.58946160219277,32.85650418767129,24.656508441254093
2002-04-10,-26.26540405265666,-23.397331674086214,32.006774309994384,23.52718890753607
2002-04-11,-25.985693354272204,-23.525388565199783,31.80982498736573,22.582055422107295
2002-04-12,-26.757362593000813,-23.094975977296855,31.53185181129575,23.890267814797145
2002-04-13,-27.074806743829633,-21.42892518052984,31.87688016241853,24.336978896560872
2002-04-14,-27.643446649882225,-23.259284682820596,31.613288405691158,24.914767212107066
2002-04-15,-26.45765483795039,-24.635010775113294,31.075609451048283,24.525815901124904
2002-04-16,-25.18545600945597,-23.14366906616409,31.301814486203703,25.14938206131798
2002-04-17,-24.94896567509728,-24.274910938238097,29.849592511441333,26.210440674755468
2002-04-18,-25.13225208259088,-24.524819543480874,29.927398991132446,28.493735560229197
2002-04-19,-25.523964204259485,-25.496952132066337,29.42728164425877,26.048586762598752
2002-04-20,-27.845624339959315,-25.773913097613207,27.879062641913087,26.25044151148358
2002-04-21,-27.72292707806001,-26.572831408974377,26.272245407532697,28.336948846549337
2002-04-22,-26.705974308507972,-25.145054334126662,25.450180593113064,28.071621222431304
2002-04-23,-25.85227779776404,-25.58617137562256,25.02642060205597,27.549637742023386
2002-04-24,-26.498138762596984,-24.116997236069587,23.87767515185094,28.301015280813537
2002-04-25,-29.682628487337762,-24.342250000833154,23.338321838182754,28.632408341268107
2002-04-26,-28.695871161431533,-23.449491285133583,22.769141838003144,29.232648697221283
2002-04-27,-31.052805405838257,-22.278419270263743,22.607302489549564,28.658838335941354
2002-04-28,-31.36313326759844,-22.11717069553032,23.453530770847472,30.58656338565203
2002-04-29,-31.330409626298405,-23.014868809595725,23.955025120818107,32.22514690152539
2002-04-30,-31.09299796425934,-23.32024762990456,23.267656854395504,32.86157320082906
2002-05-01,-30.03112188094889,-24.81418164729907,23.993043964979854,34.3601311697732
2002-05-02,-30.425903780228136,-24.260567985053928,23.27374924108544,34.41324998706881
2002-05-03,-29.915440822578333,-24.76419402873035,22.98338454853474,33.04551306457459
2002-05-04,-30.366161474519767,-25.53307970877029,22.433754595740346,32.2841380907361
2002-05-05,-30.377181481779072,-23.270219574033163,20.669412313221525,33.38884445093154
2002-05-06,-30.978560875705483,-24.49633034963891,20.495301209965664,32.113949691686486
2002-05-07,-30.84939200950518,-24.386133985498784,19.302365465726297,33.06211712994027
2002-05-08,-28.254417217319553,-24.643718421010743,20.657028758824612,35.367948951249836
2002-05-09,-28.563405090653763,-25.000231211028215,19.487030408974732,35.67645034717868
2002-05-10,-26.551872991830706,-23.77857473678482,21.044017144366798,35.47894856518204
2002-05-11,-25.143974440511485,-24.623989186073953,19.72897754540292,35.15011542616743
2002-05-12,-25.88354845824186,-25.46211892688769,20.490783580974966,34.3221150099717
2002-05-13,-25.660557991026234,-25.065752589359544,20.09854180573768,34.29796005613098
2002-05-14,-25.67613933264833,-25.51330331793556,19.385161009771846,35.37290914551175
2002-05-15,-25.16837934885921,-24.964076754038185,18.868308902789522,34.41914479439978
2002-05-16,-25.465919321453363,-27.148869957900992,21.41015546656326,34.04576959621921
2002-05-17,-26.48528637589269,-26.86337354505166,19.960007817923632,33.350580393331626
2002-05-18,-27.01975378254345,-27.738483307006444,18.979390765381766,32.753915694196905
2002-05-19,-25.156332849397256,-26.982522927190633,19.49894721903088,33.525130040089564
2002-05-20,-26.332527240950945,-27.13477478830513,18.779640868367792,33.265291123129124
2002-05-21,-26.25716758604661,-25.73693638142852,18.60918940716946,33.32006373260118
2002-05-22,-25.659331842745395,-25.9625539964993,20.926138780288003,32.401460393371686
2002-05-23,-26.698794444382802,-28.454587903108784,20.27430353546593,31.38036103896033
2002-05-24,-27.35476165318091,-29.75833730160104,20.670950453601108,32.464980012196115
2002-05-25,-26.944359384286937,-30.904315340347328,20.119768342832867,31.669296838147886
2002-05-26,-27.771641258192506,-31.35253034351635,19.41287501281217,30.70622435253375
2002-05-27,-27.77754651394771,-33.40324633412253,19.9680949242595,31.347615882574843
2002-05-28,-27.259569933386313,-34.43688661715781,20.22541944000359,32.91934864003578
2002-05-29,-28.378963066841667,-34.89536393421975,20.174371070053716,32.03200958070233
2002-05-30,-27.55137032637172,-35.47000786959614,19.49261733711862,32.76697311642821
2002-05-31,-27.653663887937643,-35.703139305375295,18.209642560119754,33.86776697226507
2002-06-01,-27.562985011934575,-35.4287158319859,18.07870418912136,32.43429952086938
2002-06-02,-29.709979295357858,-37.23453334466149,19.34421012297245,32.65394891367905
2002-06-03,-29.787304884060244,-38.939119034462124,20.17456314450683,33.4221609186834
2002-06-04,-29.012147659386024,-39.87500507260743,19.954221681226077,33.152248254740975
2002-06-05,-30.067050601963054,-41.41430106181454,18.890294793803278,33.52600018582525
2002-06-06,-29.63206608311615,-41.40307776924674,19.114813659824403,35.031746940446766
2002-06-07,-31.061995684847364,-42.274202634142924,19.69923417799885,36.168180541378106
2002-06-08,-30.61240780785787,-44.3777480611654,20.563689897503778,35.68069363288075
2002-06-09,-28.7907093964161,-44.98128805185317,19.8700034194687,36.15701701188591
2002-06-10,-27.456215826945666,-46.27076433842877,19.594062008030804,37.39982054504214
2002-06-11,-27.08205884784901,-45.64001113449806,20.4337757360886,37.735049464816406
2002-06-12,-24.95270533213128,-46.847590181029204,19.749758950498464,36.17303059097219
2002-06-13,-24.3908584054354,-47.290170021627574,19.885652954516495,35.9545020616725
2002-06-14,-25.80911317128231,-46.201769247936376,19.022244519949616,36.003747539059034
2002-06-15,-24.235435378087967,-45.95003803331784,19.182890144828537,35.999282378154895
2002-06-16,-25.745536395518975,-46.42620427767497,19.886005932627427,36.6455332312552
2002-06-17,-26.42118894430487,-46.27292994753179,20.561379391639754,37.896025376215995
2002-06-18,-25.877072812720204,-45.4195242542917,21.026160067958575,36.848705358713026
2002-06-19,-26.752804988691015,-45.2903464048165,20.789161739230387,36.40001736307439
2002-06-20,-26.646377787937105,-45.19297858150301,22.291299685676805,35.994953852790374
2002-06-21,-26.377426273279134,-44.66390526769294,21.482073918020774,35.63715997231049
2002-06-22,-27.18646897948211,-44.83645232974734,21.2024206997417,38.12175889612082
2002-06-23,-27.43226580829022,-44.588386590881086,20.98932389485528,39.01601088265713
2002-06-24,-28.4268648560022,-45.12363258781358,21.729303486964213,38.704031140963345
2002-06-25,-28.050173135598552,-45.943911199093755,22.587992713672897,38.279618845203366
2002-06-26,-29.75011602803472,-46.02232829720964,22.47419538910644,39.289719827723744
2002-06-27,-29.184510134958696,-46.19581945518808,23.12288221486772,40.2590401625817
2002-06-28,-27.874992400931358,-46.89741281642466,23.07756605426238,41.50402575492203
2002-06-29,-29.84230099044093,-47.84383462289424,22.363354486181716,40.22756309953685
2002-06-30,-30.490554266710298,-49.75143196787313,23.188629492926754,39.2520148136138
2002-07-01,-29.274013537466715,-50.07739850480527,22.972078283330028,38.48051842436182
2002-07-02,-29.924317022661707,-49.7445312654317,23.252748481184703,36.57711840004272
2002-07-03,-30.227048992669285,-48.319217297995,23.231750730307166,36.849169525238814
2002-07-04,-31.517924274229035,-48.64670319529526,22.61809865392325,37.58744928556381
2002-07-05,-30.263893033695442,-50.20750393642914,25.01465034949803,36.75449227695749
2002-07-06,-29.56800698368945,-49.74737820273835,24.41550616514765,35.071409069821165
2002-07-07,-28.084375080284474,-49.95101836894048,23.73932157109319,36.452364603750624
2002-07-08,-29.514515735458893,-49.82740498589791,22.6298630243448,37.53091135800896
2002-07-09,-30.190448352082136,-50.529252317684396,23.09394187645935,36.8112363964073
2002-07-10,-31.376729337840125,-51.39930064068617,23.57862536290332,35.4130483968983
2002-07-11,-30.06824765413029,-50.77716731287818,23.64476968700635,35.359592653545974
2002-07-12,-31.626027816510145,-50.84807480083652,23.348447555833733,35.99832431563795
2002-07-13,-31.704263588089145,-51.30528324432758,24.926101637009335,38.383074136585776
2002-07-14,-31.13866442325655,-50.28318464484485,25.50394607151324,38.00106841255742
2002-07-15,-30.345366945531367,-49.74220745715506,25.108144110805767,35.50352781611386
2002-07-16,-30.123150393371407,-50.045261344761265,26.084012283996785,35.15310784812273
2002-07-17,-30.78286948849728,-50.14633934657806,25.325783669531678,34.470825988329985
2002-07-18,-31.33713986497517,-50.69172496630759,25.631115648064352,33.906989205606834
2002-07-19,-32.7524278735659,-50.393496764190715,24.613925436890504,33.67994746506367
2002-07-20,-33.03032487474378,-48.62389170052798,24.522687710042383,33.306260721685256
2002-07-21,-32.628371925075896,-47.11133477418737,23.894300426442417,34.76582041584094
2002-07-22,-31.313148266746452,-48.17373401834249,23.815014918337255,34.67459082090746
2002-07-23,-30.18342013334903,-47.358875135715714,23.656758626570777,34.60226637318299
2002-07-24,-30.867707950591843,-48.53630270768287,24.591937185165243,35.56125625559351
2002-07-25,-30.257604324503014,-48.934741164459375,23.076706948998243,34.72752396615515
2002-07-26,-30.3905065997779,-48.37806074161474,25.174535716108632,35.040743900026406
2002-07-27,-30.751105882192473,-46.13874545102752,25.093255552769048,33.57126434838133
2002-07-28,-30.50903655992325,-45.100715680145086,24.490599496975634,33.854350134696155
2002-07-29,-30.68185948966844,-43.47987235847813,25.25997599229457,34.434929880663
2002-07-30,-30.457148849916162,-43.37638281427199,26.536857158403794,34.62001133829881
2002-07-31,-31.838981206047666,-44.418278616764375,25.843667851946613,33.115773173268934
2002-08-01,-32.21203095172056,-46.25007812473435,25.851305277325263,32.785692392467375
2002-08-02,-32.84358354351483,-47.24825055677016,26.12612438229498,34.80659269314822
2002-08-03,-32.50140926929407,-46.97783031554028,26.27219217643393,35.19025358863004
2002-08-04,-32.84512004207612,-45.51402599373228,26.893134627834876,34.04065914814984
2002-08-05,-33.667026856315324,-45.14343714680435,25.67324860161405,34.55338776805326
2002-08-06,-32.85422514372653,-44.961638349707115,25.616954511240916,35.07832925147451
2002-08-07,-32.08042363489741,-46.18439435516413,26.82337336833441,34.77033773794276
2002-08-08,-33.451741457184355,-46.20871257575745,26.609723105664102,33.97397617807407
2002-08-09,-33.38781204354741,-46.33053329979043,25.405174395187398,34.48345350696554
2002-08-10,-33.49858819505784,-47.007846250013365,26.075946084423805,35.387318671672666
2002-08-11,-32.88802016693649,-47.36378325468828,25.94706516977201,36.82958343859968
2002-08-12,-31.817746471188926,-49.79396994280724,27.458758910749705,36.65104637559925
2002-08-13,-31.036833286159908,-48.623975148656214,26.551327235703756,36.12404844814744
2002-08-14,-30.775438424366264,-48.248848242953954,26.185111308310393,36.109339646761676
2002-08-15,-30.699277782930658,-48.251776464036354,23.955054184942156,36.45406236267387
2002-08-16,-29.81962524985208,-46.28456442686458,23.611886178729907,35.41881806334671
2002-08-17,-29.544390581749305,-46.1767525488522,23.138684949549322,32.810606377873256
2002-08-18,-29.970108634709565,-46.2939577202258,22.61398701547415,32.959891595500224
2002-08-19,-30.582015702277463,-46.530381282531216,24.36353008671155,33.0531351136654
2002-08-20,-29.690343649250153,-46.694243675531304,22.869659138278593,32.972540277234806
2002-08-21,-29.390894332762933,-45.8673497354336,23.28762744558174,34.88597124388161
2002-08-22,-28.824191070343762,-45.80971772124311,23.252779590904044,34.305109144259305
2002-08-23,-28.956755515756576,-45.330401684694785,22.307801422903253,35.450487136318166
2002-08-24,-27.427578891119442,-45.49331445243551,20.77673326580012,36.27975811382267
2002-08-25,-28.048786255284487,-43.36235133483869,20.382754622190248,37.412109257998324
2002-08-26,-28.214036134382987,-44.814173413189316,21.528904666531574,37.70871065214195
2002-08-27,-28.823970043806003,-43.94010179361044,18.613358996020683,37.031186263009964
2002-08-28,-27.116263399597468,-42.80199092167472,18.457617857963363,36.46809926510295
2002-08-29,-27.209329752035888,-43.58709089540623,18.38803811822037,35.90239103847231
2002-08-30,-27.252993759084273,-42.69271844194116,17.66090151124964,36.47013660977075
2002-08-31,-26.920028824351796,-42.03602368436459,18.706286666084868,35.52325556655424
2002-09-01,-27.662767365117787,-42.48189965179424,18.891837571387196,35.560051785630236
2002-09-02,-28.451847725515627,-41.63199455812902,17.24481872214764,37.153142680436865
2002-09-03,-27.528800959585165,-43.14620454969568,17.36356479450182,36.98254349137321
2002-09-04,-27.219190790138423,-43.59453839329478,16.66181821461331,35.07954957370396
2002-09-05,-26.343430146650384,-44.16952363155845,15.231992191855392,35.570111218372226
2002-09-06,-26.526072158131225,-43.391446152802395,14.52889989592365,35.37321849047408
2002-09-07,-28.33939986883656,-43.979384612449174,14.77067960411139,36.2939731204417
2002-09-08,-28.605223092473985,-44.60215938848492,14.0819708421513,37.39695401969219
2002-09-09,-30.282997131773797,-44.88196321968663,13.769040362464347,35.00463583634249
2002-09-10,-30.716351336345433,-45.949713627716,13.203937918885211,35.30701227071745
2002-09-11,-29.69614231244894,-45.88052300156861,13.697914203652633,34.00500609306472
2002-09-12,-29.866331685977023,-45.004083737172266,12.370780174597153,35.141944249184895
2002-09-13,-30.777791331815962,-45.36511598653432,12.414477828849334,35.73918402658977
2002-09-14,-31.687802060263095,-45.66590637146474,11.761462552594208,35.58119262642461
2002-09-15,-32.24817381809231,-46.66429722118525,11.131624283690229,35.280616560168355
2002-09-16,-32.88084786108837,-45.217727355853555,9.286204987668976,33.859274156440165
2002-09-17,-33.70581481370605,-45.04869293642622,9.511050684985523,33.02793876214039
2002-09-18,-34.05476363719357,-44.73010041146809,9.589553661823428,30.792645170169116
2002-09-19,-35.70970719929719,-44.10866787517407,8.645718824830508,29.491126141609822
2002-09-20,-35.60397268299976,-42.95299282158133,7.326523496628177,28.577973165728284
2002-09-21,-33.66579884979587,-43.40465188227072,7.4346057149752305,28.463207305675827
2002-09-22,-34.1831063919692,-41.90741956536268,8.867728713449443,30.604613411657088
2002-09-23,-33.50042308035655,-40.35757023905619,9.647024440486291,31.936619707093406
2002-09-24,-33.99523331560723,-40.45861056666355,10.719769338019237,30.543566598417137
2002-09-25,-32.95721609228834,-42.33023136592018,10.749700452061672,30.10535799897012
2002-09-26,-33.580757129736064,-43.69296410940849,11.177361146275516,31.89366104589694
